"","R","G","B","H","S","V","Pixel","Berat","Lebar","Class"
"277",138,48,17,112,239,136,15753,39,0.8798490717,"Setengah Matang"
"220",173,86,24,107,237,173,14289,26,0.9088810829,"Belum Matang"
"51.3",158,60,21,111,237,160,25230,56,0.9726578936,"Setengah Matang"
"61",135,52,22,112,229,134,20934,27,0.949446615,"Setengah Matang"
"167.1",137,59,15,109,240,136,19527,52,1.0176040947,"Setengah Matang"
"250",180,103,26,104,236,178,18372,36,1.0104305844,"Belum Matang"
"191.1",172,68,35,112,220,175,26325,45,0.9309178327,"Setengah Matang"
"209",133,50,18,112,238,130,19911,62,0.942777218,"Setengah Matang"
"179",140,61,17,109,239,139,17937,52,0.923480898,"Setengah Matang"
"31",117,97,14,95,243,114,12870,29,0.9086033184,"Belum Matang"
"185.2",136,50,20,112,235,134,21771,45,0.9567306637,"Setengah Matang"
"146",130,54,16,110,239,128,15186,35,1.0248511393,"Setengah Matang"
"226.1",122,59,12,107,243,118,15792,40,0.8815384615,"Setengah Matang"
"167",137,59,15,109,240,136,19527,52,1.0176040947,"Setengah Matang"
"39",147,91,16,103,245,145,12636,29,0.9609568537,"Belum Matang"
"3",117,51,15,109,243,114,12516,35,0.9465486726,"Belum Matang"
"76",122,62,15,105,241,115,15963,38,0.9803156929,"Setengah Matang"
"131",149.789524900261,65.7068035001867,16.5413607000373,108.729319649981,239.729319649981,148.142926650355,13325.4610720624,30,0.939417946596969,"Belum Matang"
"50",139,64,17,109,239,136,23304,56,0.9947648868,"Setengah Matang"
"48",145,71,18,108,238,144,24753,56,0.8520746515,"Setengah Matang"
"20",163.805819435045,105,19.322327774018,101.080581943505,241.919418056495,165.725237491541,12141.1309372885,26,0.976525393481487,"Belum Matang"
"137",183,84,27,109,233,186,18606,35,0.9129798528,"Setengah Matang"
"42",174,106,23,102,241,172,19614,29,0.9270004281,"Belum Matang"
"83",126.385768792592,59.578653188888,17.9678526006173,107.871410402469,241.032147399383,121.257179195061,13605.4925028482,35.0321473993827,1.02236225420426,"Belum Matang"
"196.1",114,40,17,113,236,111,20202,62,0.9095581546,"Setengah Matang"
"189",145,49,22,113,234,145,20085,45,0.8781909247,"Setengah Matang"
"60.1",138,53,21,112,238,135,23091,56,0.8662589419,"Setengah Matang"
"53",194,85,32,110,228,196,34449,56,0.8133741242,"Setengah Matang"
"321",135.740573842078,55.3054303815588,14.2900956403464,109.854952179827,241.709904359654,133.595526021905,11542.9646628248,26.5801912806928,0.960688503753535,"Belum Matang"
"274.2",167,72,26,110,231,170,19137,39,1.0008785841,"Setengah Matang"
"214",169,101,21,103,240,172,12789,26,0.9193921523,"Belum Matang"
"247",156,79,23,107,234,156,17625,36,1.1238110792,"Belum Matang"
"56.2",179,72,30,111,232,182,33570,56,0.8194736138,"Setengah Matang"
"410",136.139688014984,56.5059575140476,18.3662694990635,110.09880849719,236.90119150281,137.942071020603,17726.8268009126,35,0.878417223826059,"Belum Matang"
"18",102.199637423735,34.5331721883267,13.1332930470817,113,242.266586094163,99.3329304708168,13043.994561356,35,1.07380296357296,"Belum Matang"
"9",148,55,18,111,238,150,17598,35,1.0193122969,"Belum Matang"
"151",148,68,15,108,242,150,11937,30,0.8754702481,"Belum Matang"
"182",125,43,16,113,234,118,21180,45,0.9367844551,"Setengah Matang"
"139",136,60,18,108,239,138,18765,35,0.9223941564,"Setengah Matang"
"411",131.578190538799,51.1979894875549,16,110.760402102489,238,132.296984231332,16499.7243863367,35,1.01955014908478,"Belum Matang"
"177.1",137,72,22,106,236,129,16020,52,1.0377730261,"Setengah Matang"
"45",148,99,18,100,240,144,14346,29,0.9055073023,"Belum Matang"
"11",136,65,18,107,240,131,17748,35,0.9763057721,"Belum Matang"
"244",133,84,13,102,242,131,12417,36,1.0081583239,"Belum Matang"
"71",173.31781195337,94.9543931572698,22.2270769164898,105,236.59097436117,176.63610255532,13776.259281599,26,0.911707746554023,"Belum Matang"
"33",124,99,13,96,245,120,12648,29,0.9361728792,"Belum Matang"
"101",159.337395455688,77.9695340823382,18,106.674790911376,239,160.674790911376,13477.0351232998,28.6747909113765,0.909550257838684,"Belum Matang"
"55",137,58,18,110,237,134,27039,56,0.8732291593,"Setengah Matang"
"43",125,108,16,94,244,118,13371,29,0.9668803659,"Belum Matang"
"75.1",118,40,17,114,240,116,17274,27,1.0010421063,"Setengah Matang"
"4",101,34,13,113,242,98,13026,35,1.0869407895,"Belum Matang"
"234",160,71,22,109,234,162,21150,40,0.8916396493,"Setengah Matang"
"146.1",130,54,16,110,239,128,15186,35,1.0248511393,"Setengah Matang"
"141",145,59,22,111,235,144,17370,35,0.9634408812,"Setengah Matang"
"1510",108.993214529939,46.952501709573,11,108.344642450102,245,107.33107150998,11621.9838931588,35.3310715099797,1.00085314374505,"Belum Matang"
"48.1",145,71,18,108,238,144,24753,56,0.8520746515,"Setengah Matang"
"230.1",125,64,14,106,241,120,15591,40,0.9641963945,"Setengah Matang"
"8",126,59,18,108,241,121,13608,35,1.0220023492,"Belum Matang"
"51.2",158,60,21,111,237,160,25230,56,0.9726578936,"Setengah Matang"
"441",159.020050208783,76.7247531376779,20.1811882844195,107.704702928895,238.114108786685,159.724753137678,13361.8062928242,30,0.985893500310772,"Belum Matang"
"89",186,79,37,111,224,186,23139,38,0.9222076946,"Setengah Matang"
"246",158,79,21,107,237,159,18003,36,0.9929617178,"Belum Matang"
"2",110,38,14,113,244,108,13161,35,0.9883773144,"Belum Matang"
"30",128.276026878506,55.8111276729032,16,109.723973121494,239.138013439253,123,15931.2349517383,35.5690067196265,1.00694720112925,"Belum Matang"
"238",203,100,35,108,224,203,29751,40,1.0190386602,"Setengah Matang"
"227",127.051186606288,45.131398325786,15.868601674214,112,238.525593303144,124.051186606288,15962.0533383284,35,1.01378948031965,"Belum Matang"
"155",166,100,22,102,238,164,13515,30,0.9869262865,"Belum Matang"
"69",139,52,19,111,239,145,17691,27,0.9587789609,"Setengah Matang"
"56",179,72,30,111,232,182,33570,56,0.8194736138,"Setengah Matang"
"225",173,105,23,102,241,174,12348,26,0.969916249,"Belum Matang"
"84.1",183,86,27,108,235,186,20112,38,0.9591489329,"Setengah Matang"
"160",168,73,22,110,235,168,17082,30,1.0956589147,"Belum Matang"
"182.1",125,43,16,113,234,118,21180,45,0.9367844551,"Setengah Matang"
"37",130,87,13,101,245,127,11040,29,1.1556884058,"Belum Matang"
"156",130,80,13,101,244,128,9624,30,0.9620728759,"Belum Matang"
"218",188,101,30,105,234,187,14310,26,0.8911338235,"Belum Matang"
"551",172.607915861066,104.607915861066,22.4431663444266,102.278416827787,240.721583172213,172,17713.8051503557,28.1647495166399,0.924882156086838,"Belum Matang"
"52.1",155,61,24,111,234,156,31755,56,0.8150540978,"Setengah Matang"
"68",164,72,29,110,233,167,21315,27,0.9322386184,"Setengah Matang"
"162",211,100,32,108,223,211,21375,30,1.1455845591,"Belum Matang"
"511",134.928942703642,59.7751919683069,18.1124040158466,109.408269343898,239.295865328051,132.857885407284,15992.8566449666,35.2958653280511,0.971230584707033,"Belum Matang"
"249",138,77,17,104,242,129,13530,36,1.0331978117,"Belum Matang"
"361",132.068995407084,54.7724018371664,14.7724018371664,109.613799081417,241.227598162834,130.84139724425,11145.870902379,27.5448036743328,0.95126399701891,"Belum Matang"
"210",141,50,20,112,235,143,22848,62,1.0021869291,"Setengah Matang"
"184",141,56,25,112,230,139,20040,45,0.930859831,"Setengah Matang"
"5",132,54,22,111,235,129,17952,35,0.9883969439,"Belum Matang"
"199",169,65,29,112,231,170,25278,62,0.9895923442,"Setengah Matang"
"228",160,96,21,103,238,159,19641,40,0.9346723887,"Setengah Matang"
"401",155.154645735864,91.12988969055,18,102.861858294345,239.284535426414,154.016504030209,13244.9000212506,26.8536062792409,0.925897197397364,"Belum Matang"
"431",133.515413642395,54.5051378807984,18.9691727152094,110.494862119202,236.515413642395,133.546240927186,17367.0503340354,35,1.0054238445161,"Belum Matang"
"143",170,68,25,111,234,171,18936,35,1.037073034,"Setengah Matang"
"90",150,74,23,108,235,149,19470,38,0.8763915246,"Setengah Matang"
"154",171,88,23,107,236,171,15144,30,0.955,"Belum Matang"
"38",177,121,25,100,241,175,16731,29,1.1337090428,"Belum Matang"
"213",171,94,21,105,237,175,13692,26,0.9149556606,"Belum Matang"
"273",143,63,15,109,241,146,13560,39,1.0386330237,"Setengah Matang"
"180",141,54,19,111,237,138,19440,52,1.0917312127,"Setengah Matang"
"241",121,70,14,104,241,118,14460,36,1.0001689189,"Belum Matang"
"19",133,89.1366677843034,13,100.532380633056,243.467619366944,129.532380633056,12562.2943173274,36,1.01853418779787,"Belum Matang"
"277.1",138,48,17,112,239,136,15753,39,0.8798490717,"Setengah Matang"
"41",141,89,17,101,242,136,13644,29,0.9477227399,"Belum Matang"
"110",174.184425946092,87.731966702966,24.5475407568738,107.363114810782,237.089344432345,174.821311135311,14104.7261604681,27.4524592431262,1.07151608059044,"Belum Matang"
"223",170,93,21,105,243,171,11292,26,1.1365289256,"Belum Matang"
"158",171,82,22,108,239,171,13329,30,1.0795877898,"Belum Matang"
"46",124.45778056886,59.2056292574853,17.2802975988016,107.691556113772,241.411258514971,119.663409826346,13373.891090353,35.1028146287426,1.01350513370627,"Belum Matang"
"274",167,72,26,110,231,170,19137,39,1.0008785841,"Setengah Matang"
"276.1",172,70,25,111,233,173,17583,39,1.0573221631,"Setengah Matang"
"166",148,68,18,108,238,149,19074,52,1.063927547,"Setengah Matang"
"230",125,64,14,106,241,120,15591,40,0.9641963945,"Setengah Matang"
"186",164,65,33,112,220,167,25044,45,1.0214873418,"Setengah Matang"
"7",142,62,18,109,238,146,17106,35,0.8961013216,"Belum Matang"
"63",152,61,21,110,239,158,20208,27,0.9498664615,"Setengah Matang"
"59",135,61,17,109,240,134,22770,56,0.80698041,"Setengah Matang"
"50.1",139,64,17,109,239,136,23304,56,0.9947648868,"Setengah Matang"
"147.1",135,66,16,107,240,132,18462,35,0.9642240844,"Setengah Matang"
"274.1",167,72,26,110,231,170,19137,39,1.0008785841,"Setengah Matang"
"248",175,99,26,105,235,175,21246,36,1.0198143515,"Belum Matang"
"28",155.360211074352,75.1575923450291,19.5562829803675,107.511256596074,238.022513192147,156.826441286132,14308.4417814687,30,1.06537132440045,"Belum Matang"
"163",129,56,16,109,240,129,10947,30,0.9347515443,"Belum Matang"
"51.1",158,60,21,111,237,160,25230,56,0.9726578936,"Setengah Matang"
"23",172.423314399086,88.1625710034277,23.5674857993145,106.423314399086,237.432514200686,172.855828599771,14072.7428996572,26,0.910396478493297,"Belum Matang"
"34",123,105,14,94,243,120,13818,29,0.9894861911,"Belum Matang"
"184.1",141,56,25,112,230,139,20040,45,0.930859831,"Setengah Matang"
"62",166.846504369285,103.02225343301,19.5495006241836,101.725249687908,241.175749063725,168.571754057193,12734.6746254175,26,0.910570541874808,"Belum Matang"
"222",176,91,26,107,236,177,14547,26,1.0669140625,"Belum Matang"
"195.1",110,35,17,114,239,108,15990,45,1.0557205642,"Setengah Matang"
"139.1",136,60,18,108,239,138,18765,35,0.9223941564,"Setengah Matang"
"191",172,68,35,112,220,175,26325,45,0.9309178327,"Setengah Matang"
"185.1",136,50,20,112,235,134,21771,45,0.9567306637,"Setengah Matang"
"147",135,66,16,107,240,132,18462,35,0.9642240844,"Setengah Matang"
"510",156.632222104818,79,22.3677778951824,107,234.948333157226,156.948333157226,17744.4899778105,36,1.08244814986082,"Belum Matang"
"90.1",150,74,23,108,235,149,19470,38,0.8763915246,"Setengah Matang"
"54",163.892195426859,105,19.3568781707436,101.089219542686,241.910780457314,165.802975884173,12143.0743971043,26,0.976463302966123,"Belum Matang"
"235",163,71,23,109,234,163,21984,40,1.004212118,"Setengah Matang"
"27",169.127113336697,101.158891670872,21,102.968221665826,239.984110832913,172.095335002523,12820.4605508326,26,0.919803879010634,"Belum Matang"
"245",154,94,21,103,236,155,17259,36,1.0520109738,"Belum Matang"
"276",172,70,25,111,233,173,17583,39,1.0573221631,"Setengah Matang"
"177",137,72,22,106,236,129,16020,52,1.0377730261,"Setengah Matang"
"82.1",158,73,20,108,238,161,19029,38,0.9966014834,"Setengah Matang"
"181",126,47,23,113,232,119,21147,45,0.9864007303,"Setengah Matang"
"212",158,88,18,104,239,158,12807,26,0.9340061209,"Belum Matang"
"251",144,67,18,108,239,143,14697,36,0.9508185404,"Belum Matang"
"82",158,73,20,108,238,161,19029,38,0.9966014834,"Setengah Matang"
"195",110,35,17,114,239,108,15990,45,1.0557205642,"Setengah Matang"
"77",169,92,25,106,234,170,19128,38,0.9136228261,"Setengah Matang"
"25",167.885829699226,103.500830846839,23.1924994261935,103,234.538333715871,169.61666284129,20128.9817488873,36,1.00626007321846,"Belum Matang"
"91",151.993429750204,93.9934297502041,18.3120893593878,102.375821281224,243.375821281224,151.241787187755,12661.6340315994,28.0637319218367,1.01800156345253,"Belum Matang"
"182.2",125,43,16,113,234,118,21180,45,0.9367844551,"Setengah Matang"
"57",160,73,22,109,238,162,22734,56,1.2383030009,"Setengah Matang"
"138",169,78,28,109,229,171,22185,35,0.9273144098,"Setengah Matang"
"203",152,52,21,113,235,153,22353,62,0.9231590547,"Setengah Matang"
"29",171.60699675139,95.008231472224,25.002057868056,105.399176852778,235.399176852778,171.806585177779,20598.7347332211,36,1.01445487659542,"Belum Matang"
"72",124,43,18,113,241,119,16404,27,0.9644263372,"Setengah Matang"
"236",202,102,34,107,226,203,29706,40,0.8936311032,"Setengah Matang"
"501",132.833611164242,53.4065104664769,18.5728993022349,110.718697906705,236.281302093295,133.396215350833,18077.0643172881,35,0.868440794853305,"Belum Matang"
"36",140,94,17,101,244,138,11781,29,1.1287334089,"Belum Matang"
"216",177,111,21,101,239,178,14769,26,0.9453045685,"Belum Matang"
"277.2",138,48,17,112,239,136,15753,39,0.8798490717,"Setengah Matang"
"192",120,42,20,114,234,112,19464,45,0.9066512417,"Setengah Matang"
"15",134,46,15,112,242,131,15579,35,1.003233912,"Belum Matang"
"185",136,50,20,112,235,134,21771,45,0.9567306637,"Setengah Matang"
"171",116,45,15,111,240,112,15867,52,1.0137348535,"Setengah Matang"
"234.2",160,71,22,109,234,162,21150,40,0.8916396493,"Setengah Matang"
"52",155,61,24,111,234,156,31755,56,0.8150540978,"Setengah Matang"
"237",182,89,28,108,230,183,24486,40,0.9401797187,"Setengah Matang"
"82.2",158,73,20,108,238,161,19029,38,0.9966014834,"Setengah Matang"
"74",191,77,36,111,228,192,22911,27,0.9817132509,"Setengah Matang"
"229",122,66,12,104,246,118,13107,40,0.9438365949,"Setengah Matang"
"111",117.229036881123,58.1401751125231,11.1846059968229,105.789737331215,244.280350225046,115.62390554673,9425.33549499605,27.8598248874769,0.942014465996776,"Belum Matang"
"44",129,107,14,95,243,125,13698,29,0.9968733476,"Belum Matang"
"76.1",122,62,15,105,241,115,15963,38,0.9803156929,"Setengah Matang"
"165",175,90,24,107,234,177,14232,30,1.0944294876,"Belum Matang"
"190",164,61,32,113,225,165,23193,45,0.96096875,"Setengah Matang"
"172",125,59,16,108,241,119,16560,52,0.955,"Setengah Matang"
"271",138,53,21,112,233,140,15075,39,0.9974444444,"Setengah Matang"
"81",195,85,33,110,225,195,22578,38,0.9733936208,"Setengah Matang"
"232",186,91,30,108,229,187,25080,40,0.9090062013,"Setengah Matang"
"16",138.389608223923,59.5194776318967,16.7532462719828,109.246753728017,238.376623135991,139.883115679957,16004.221283826,35.3766231359914,0.99525648079521,"Belum Matang"
"255",126,82,13,99,246,111,12336,36,0.9809863946,"Belum Matang"
"138.1",169,78,28,109,229,171,22185,35,0.9273144098,"Setengah Matang"
"10",126,45,16,112,238,123,16020,35,1.0153862813,"Belum Matang"
"40",147,89,18,103,244,145,12906,29,1.0365555604,"Belum Matang"
"281",166,68,22,110,236,167,17160,39,0.9217253222,"Setengah Matang"
"272",177,79,25,109,234,180,15711,39,0.955,"Setengah Matang"
"208",128,44,16,113,237,124,21195,62,0.9317073171,"Setengah Matang"
"85",125,45,18,113,236,121,15390,38,0.8133787102,"Setengah Matang"
"26",128.173794572242,106.724598190747,14,94.8622990953736,243,124.311495476868,13714.5241085552,29,0.995856129467333,"Belum Matang"
"242",173,107,24,103,234,175,21186,36,0.9894099532,"Belum Matang"
"24",169.264335299842,93.1989239845425,20.5994619922712,104.866487330757,237.267025338486,172.73028462287,13573.84128772,26,0.917499138404959,"Belum Matang"
"451",173.431948861573,106.753172079101,24.1234139604494,103.061706980225,234.123413960449,175.185120940674,21012.3565576477,36,0.990707072873769,"Belum Matang"
"276.2",172,70,25,111,233,173,17583,39,1.0573221631,"Setengah Matang"
"243",133,91,13,100,244,129,12615,36,1.0222980445,"Belum Matang"
"221",134,54,14,110,242,132,11271,26,0.9616535929,"Belum Matang"
"331",167.929113333579,98.8216161539312,23.6786756410729,103.535735128215,236,167.321907948935,17855.2731977028,36,1.02973489855358,"Belum Matang"
"310",173.590237487108,101.339006213471,21,103.273175008595,237.863412495703,176.295118743554,14156.9476289358,26,0.928057473755892,"Belum Matang"
"58",205,111,33,105,230,205,39366,56,0.8424744644,"Setengah Matang"
"381",135.724878912559,80.1851695224177,15.179903130047,103.089951565024,242,129.910048434976,13023.5580459356,36,1.0218042383575,"Belum Matang"
"21",129.878718004329,49.3096866714768,16,111.138062665705,238,129.464530007215,16353.5697483723,35,1.01828156944624,"Belum Matang"
"12",144,76,21,105,239,140,15111,35,1.0779497465,"Belum Matang"
"22",176.223741206108,97.7122361832298,25.7762587938923,105.433811557246,237.118706030538,176.552517587785,15035.6507941391,26.671223618323,1.08185885195426,"Belum Matang"
"75",118,40,17,114,240,116,17274,27,1.0010421063,"Setengah Matang"
"280",131,50,16,110,240,128,12897,39,0.945591133,"Setengah Matang"
"421",124.971540954662,97.9587823047768,13.7183512921911,95.9715409546625,243.281648707809,122.253189662471,12636.7653194494,29.2816487078089,0.981765266297161,"Belum Matang"
"253",111,61,11,105,245,108,11331,36,0.9393563717,"Belum Matang"
"152",160,73,18,108,239,162,13809,30,0.8974337474,"Belum Matang"
"153",154,72,19,108,239,155,12615,30,0.9988390406,"Belum Matang"
"149.1",165,76,21,108,238,166,19128,35,0.9703074808,"Setengah Matang"
"481",129.356489412487,44.4521631374955,14.8065203921869,112.193479607813,242.386959215626,126.5499690203,15111.166308308,35,1.00035946332292,"Belum Matang"
"161",146,63,16,109,240,143,13146,30,0.955,"Belum Matang"
"164",139,68,17,107,237,142,15333,30,1.0505,"Belum Matang"
"60",138,53,21,112,238,135,23091,56,0.8662589419,"Setengah Matang"
"157",173,99,22,104,236,174,14817,30,0.9158205128,"Belum Matang"
"252",130,64,16,108,240,123,15864,36,1.0005550326,"Belum Matang"
"311",172.555253223982,86.4447467760183,23.7776266119909,107,236.777626611991,172.555253223982,14479.1292467478,26.8894935520366,0.91913670274684,"Belum Matang"
"149",165,76,21,108,238,166,19128,35,0.9703074808,"Setengah Matang"
"136",134,62,16,109,240,130,17370,35,1.030994721,"Setengah Matang"
"84",183,86,27,108,235,186,20112,38,0.9591489329,"Setengah Matang"
"275",137,52,20,112,233,136,15477,39,0.9857547102,"Setengah Matang"
"471",175.789259219542,90.6206665951759,25.8314073756337,107.042148156092,236.126444468275,176.747111063451,14495.6635458805,26.1685926243663,1.0674482367365,"Belum Matang"
"145",172,74,28,110,233,174,23865,35,0.960649019,"Setengah Matang"
"56.1",179,72,30,111,232,182,33570,56,0.8194736138,"Setengah Matang"
"49",181,88,29,108,231,181,31419,56,0.797577374,"Setengah Matang"
"142",121.486728421878,102.189638497774,13.7838183459826,94.4323633080348,243.216181654017,118.702910075895,13455.4633662128,29,0.973335729815365,"Belum Matang"
"192.1",120,42,20,114,234,112,19464,45,0.9066512417,"Setengah Matang"
"159",178,78,28,109,231,178,15942,30,1.016655886,"Belum Matang"
"561",154.872640395304,72.7479774816893,19.2077715226915,107.958445695462,238.792228477309,155.914194699842,12682.1933104384,30,1.00281123514559,"Belum Matang"
"47",147,79,20,106,237,144,25119,56,0.9398413017,"Setengah Matang"
"51",158,60,21,111,237,160,25230,56,0.9726578936,"Setengah Matang"
"75.2",118,40,17,114,240,116,17274,27,1.0010421063,"Setengah Matang"
"351",176.548575310037,110.435719137546,21,101.112856172491,239.056428086245,177.661431482527,14657.272389234,26,0.943842380443839,"Belum Matang"
"148",134,65,16,107,242,130,15408,35,0.9814266615,"Setengah Matang"
"219",169,77,23,109,232,169,17412,26,0.9441441968,"Belum Matang"
"66",128,45,18,113,236,127,18570,27,0.9866177852,"Setengah Matang"
"234.1",160,71,22,109,234,162,21150,40,0.8916396493,"Setengah Matang"
"65",180,72,33,111,227,183,22842,27,0.9645787266,"Setengah Matang"
"137.1",183,84,27,109,233,186,18606,35,0.9129798528,"Setengah Matang"
"121",156.288686489686,77.5331598483026,20.6332899620757,107.122236679308,237.244473358616,157.04421313107,17598.8855382074,36,0.987810275739131,"Belum Matang"
"150",151,62,21,110,235,154,19548,35,0.8832537017,"Setengah Matang"
"491",169.461865698453,93.9225159455091,20.8462473424152,104.69249468483,242.923123671208,170.538742027245,11355.8842292265,26,1.12427297247154,"Belum Matang"
"211",107,60,7,103,248,104,8103,26,0.9483259881,"Belum Matang"
"281.1",166,68,22,110,236,167,17160,39,0.9217253222,"Setengah Matang"
"254",156,108,22,100,236,154,16572,36,0.9613245033,"Belum Matang"
"531",126.356551450677,107.660862137331,15.3217242746614,94.3391378626693,243.660862137331,120.373965038685,13481.8980810929,29,0.977052121608818,"Belum Matang"
"224",163,100,19,102,242,165,11964,26,0.8974120603,"Belum Matang"
"341",141.011107828002,65.2177725248039,16.804443131201,107.896667651599,242,141.815550959203,11167.9367149284,26,0.927124402934735,"Belum Matang"
"226",122,59,12,107,243,118,15792,40,0.8815384615,"Setengah Matang"
"32",116,92,13,96,244,114,12141,29,0.9147783656,"Belum Matang"
"80",153,56,22,112,239,156,18657,38,0.9225813956,"Setengah Matang"
"14",135,55,16,110,238,138,16794,35,1.0221043756,"Belum Matang"
"391",128.661891521653,84.7789588512387,13.1911583540495,99.6618915216532,243.80884164595,126.470733167604,10425.7181368838,29.8088416459505,0.967313160112673,"Belum Matang"
"209.1",133,50,18,112,238,130,19911,62,0.942777218,"Setengah Matang"
"1",108,40,11,110,245,107,11766,35,1.0312896246,"Belum Matang"
"215",163,105,19,101,242,165,12123,26,0.9771046487,"Belum Matang"
"283",171,67,27,111,232,173,18993,39,1.0914285714,"Setengah Matang"
"35",124,93,14,97,244,122,11169,29,1.1414647983,"Belum Matang"
"176",157,64,24,111,235,160,18699,52,1.0098949315,"Setengah Matang"
"68.1",164,72,29,110,233,167,21315,27,0.9322386184,"Setengah Matang"
"521",125.365275235381,91.634724764619,13.7724541274365,97.910183490254,244.227545872563,123.137729362817,11139.6465824393,29,1.14470132147959,"Belum Matang"
"217",144,70,18,107,242,146,11124,26,0.912404329,"Belum Matang"
"237.1",182,89,28,108,230,183,24486,40,0.9401797187,"Setengah Matang"
"17",130.435235744342,51.7927419154439,16.3367865958717,110.217617872171,241.554404468043,126.544044680428,14700.7312065123,35,1.01159704375814,"Belum Matang"
"195.2",110,35,17,114,239,108,15990,45,1.0557205642,"Setengah Matang"
"371",130,82.2039672399405,13,101,244.314852462849,127.685147537151,10069.8310873937,29.6851475371514,1.02303320233476,"Belum Matang"
"239",110,44,12,110,242,111,13779,40,0.9698624328,"Setengah Matang"
"49.1",181,88,29,108,231,181,31419,56,0.797577374,"Setengah Matang"
"285",136,55,15,109,243,136,14463,39,0.9266382348,"Setengah Matang"
"149.2",165,76,21,108,238,166,19128,35,0.9703074808,"Setengah Matang"
"6",126,47,19,112,235,124,18801,35,0.8478196661,"Belum Matang"
"13",137,58,19,110,239,137,16047,35,0.958908954,"Belum Matang"
"196",114,40,17,113,236,111,20202,62,0.9095581546,"Setengah Matang"
"200",175,70,29,111,229,178,26061,62,1.0061649483,"Setengah Matang"
"302",128,48,23,113,237,119,25935,55,0.8860314868,"Matang"
"144",150.185844977619,51.6047183407936,25.3952816592064,113.395281659206,229.185844977619,150.395281659206,25090.6018296867,43,0.974287656165113,"Matang"
"562",136.806286833249,49.4515717083123,26.5484282916877,113.516142763896,225.516142763896,132.709430249874,24737.8929270781,49.9677144722082,0.996254057219783,"Matang"
"265",164,58,30,113,220,164,32925,51,0.9189462505,"Matang"
"103",110,40,17,113,232,106,23595,43,0.8859638554,"Matang"
"472",105.374305121833,31,14,114.625694878167,237.625694878167,103,18698.7442925863,31,1.00796550388433,"Matang"
"1011",149,53,29,114,227,146,23784,43,0.9711023275,"Matang"
"105",116,38,17,113,238,110,20091,43,1.0060654043,"Matang"
"126",169,59,33,114,221,168,32457,49,1.0150403607,"Matang"
"130",127,39,21,115,233,122,19941,49,0.8346331515,"Matang"
"1101",165,59,26,112,228,165,24906,31,0.9505671961,"Matang"
"133",176,61,28,113,229,176,30012,49,0.955,"Matang"
"1310",114.042875859886,38.0285839065909,16.2607189649716,114,239.014291953295,109.535729883239,24833.9311906574,54.0142919532955,0.880393110077908,"Matang"
"267",109,34,16,114,237,107,20424,51,0.9427576525,"Matang"
"100",152,51,26,114,231,151,25116,43,0.9711462822,"Matang"
"109",165,59,27,113,226,164,25035,31,0.9211158149,"Matang"
"2611",165,58,29,113,230,164,31776,55,0.9907932959,"Matang"
"270",143,51,25,113,225,142,25125,51,1.0220750763,"Matang"
"5011",166.726111779921,58.5452223559842,31.6356670679525,113.545222355984,220.545222355984,166.180889423937,32669.8359373994,49.9095552880317,0.971338907659445,"Matang"
"119",138,47,19,113,236,134,20388,31,0.9434242424,"Matang"
"5311",112.059919597115,36,16.9400804028846,114,235.089879395673,107.059919597115,23839.2572578832,49.0599195971154,0.979284256296401,"Matang"
"442",112.412732767873,34.6468168080319,14.7063663839363,114,236,110.059549575904,19024.7741444868,31,0.92363816114868,"Matang"
"106",111,35,14,114,236,109,19011,31,0.9226271186,"Matang"
"268",114,36,15,114,238,109,20286,51,0.9467630059,"Matang"
"2510",131,43,21,114,237,125,25638,55,1.001603951,"Matang"
"301",147.052788724657,50.0791830869857,27.0527887246571,114,227,147.947211275343,26176.1490517587,48.8416338260286,0.904971106135181,"Matang"
"104",150,56,24,112,233,148,25818,43,0.9779912944,"Matang"
"128",129,41,20,114,234,123,22452,49,1.0409068614,"Matang"
"132",147,50,27,114,227,148,26241,49,0.9031782946,"Matang"
"1210",104.672951614484,32.3270483855158,14.4905725782737,114,234.691806457937,101.672951614484,22321.7988363951,51,0.915915728011748,"Matang"
"231",151.467413880862,51.1775287063792,25.8224712936208,113.822471293621,230.467413880862,150.822471293621,25108.5437943321,43,0.972068503370848,"Matang"
"125",143,49,23,113,231,141,24873,49,0.9066857433,"Matang"
"123",178,63,33,113,221,176,35685,49,0.9600495736,"Matang"
"332",113.962892537937,37.9628925379366,17.9814462689683,114,234.754638432758,108.962892537937,25301.9236817728,50.4721694034524,0.96778277691594,"Matang"
"122",103,32,17,115,232,99,24948,49,0.9962897139,"Matang"
"432",127.833551082294,41,20,114,232.833551082294,121.250326623442,21599.9090656161,50.1664489177056,1.03315260748937,"Matang"
"183",122,43,20,114,237,115,25662,55,0.9805518584,"Matang"
"108",177,65,32,113,221,177,26961,31,0.9737254902,"Matang"
"92",123,44,23,114,233,116,23196,43,0.9635075586,"Matang"
"127",170,58,30,114,225,169,34074,49,0.9252723735,"Matang"
"342",172.516661227448,60.5629605455324,33,113.609259863617,221,171.125921091065,33718.3091602447,49,0.993553253048732,"Matang"
"2610",122.552659003763,39.6579770112876,19.3420229887124,114.447340996237,232.894681992475,117,23175.9853792149,43,0.888890076951003,"Matang"
"2411",172.246640163474,59.1233200817369,28.9383399591316,113,227.123320081737,171.308300204342,30155.5660137471,43.3699602452107,1.0065622508626,"Matang"
"278",126,44,24,114,236,119,25806,55,0.9361871078,"Matang"
"2410",161,58,26,112,233,163,30828,55,0.955,"Matang"
"114",115,35,18,115,235,111,18213,31,0.9457009384,"Matang"
"4911",125.619158950634,39.6904205246828,19.9643692129757,114.654789737659,232.654789737659,120.273948688293,21271.7855613262,46.9287384259515,0.851249108589759,"Matang"
"1110",128.334785571322,40.6673927856609,20.3326072143391,114.332607214339,233.667392785661,122.334785571322,22844.1439057058,49,1.02764649517234,"Matang"
"261",127,41,20,114,232,120,20991,51,1.0276113732,"Matang"
"910",130.692993750097,46.0514650000259,21.974267499987,113.487133749994,233,125.744458750123,22989.8277674974,43,0.939134506509144,"Matang"
"117",115,34,16,114,236,112,19050,31,0.9254897762,"Matang"
"266",107,32,16,114,237,103,21636,51,1.0048446768,"Matang"
"2811",128.561383734457,43,20,114,234.083829451352,123.019469008781,23501.1176234521,50.6257441770285,0.987694485301649,"Matang"
"1311",127,40,21,115,233,121,23631,49,1.0010389161,"Matang"
"312",108.388885917142,34,16.101852347143,114,236.083328875713,106.287033569999,20866.7521530306,51,0.941090683626213,"Matang"
"263",105,32,16,115,238,100,19845,51,0.9910476661,"Matang"
"461",154.342904035002,56.8685808070004,24.5790538713336,112,231.552365321666,152.921957906336,25553.9514346719,39.5256767719984,0.970051279255776,"Matang"
"292",122,40,21,114,239,116,24159,55,1.0165987989,"Matang"
"116",105,31,14,115,238,103,19167,31,0.9948426089,"Matang"
"201",173.000540164299,60.4001080328599,29.1997839342803,113,229,172.400648197159,32374.974458565,52.5993518028408,1.03068929920664,"Matang"
"260",181,67,34,113,220,182,29961,51,0.9345046261,"Matang"
"2711",164.258835170418,58.7220631889068,27.0926456036977,113.046322801849,226.046322801849,163.16618956672,24977.0501748871,31.5558736221865,0.923431330218286,"Matang"
"112",106,31,14,114,237,103,17916,31,1.0299019608,"Matang"
"259",163,57,29,113,225,164,24537,51,1.0429343065,"Matang"
"113",103,30,14,115,237,101,17568,31,1.0579508905,"Matang"
"2111",150.468618394807,51.2656908025965,26.468618394807,113.734309197403,228.734309197403,148.531381605193,22818.2021455765,43,1.0149525017662,"Matang"
"402",128.097196923103,41,20.3611212307587,114.09028030769,234.09028030769,122.277757538483,22650.5263966096,49.5416818461381,1.04541901840949,"Matang"
"291",146.48680530116,51.5811342168599,25,113,226.74340265058,146.649073734879,25095.3621549401,46.3509262651205,0.995497471241175,"Matang"
"322",168.860058927676,58,29.7720117855351,113.772011785535,226.139941072324,167.860058927676,33550.0830831598,50.3679292867891,0.940210371608067,"Matang"
"512",113.225982909789,34.4086609699298,16.2259829097893,114.40866096993,235.59133903007,109.81732193986,17169.8779509561,31,0.969975375012155,"Matang"
"541",106.041725526564,32.5208627632819,14.5208627632819,114,236.260431381641,103.302156908205,21473.4478694515,51,0.921391677968617,"Matang"
"233",112,35,18,115,241,109,22083,55,0.9417087889,"Matang"
"513",163.743749767076,57.3718748835381,29,113,226.859374417691,164,27229.0022819324,52.4874995341524,1.02354437425557,"Matang"
"422",110.843840752728,33.2682669803035,16.6146135842428,115,235.692693207879,107.536533960607,17989.6064404591,31,0.984578328102185,"Matang"
"97",112,37,20,115,235,109,22617,43,0.979385674,"Matang"
"140",103.695329257753,32,16.6523353711236,115,234.085987773258,99.3476646288764,23173.8673988439,49.6953292577527,0.994467239297061,"Matang"
"1721",118.568293250864,36.0168614026625,16.4654295544606,113.84485681518,236,115.413150066044,19257.5815812894,31,0.928272186404318,"Matang"
"5211",125.838391590863,41.1616084091365,21.5808042045683,114.709597897716,233,119.547989488579,23504.6750855064,47.2575873862952,0.990139730980423,"Matang"
"64",115,34.4406824135222,16.8813648270443,114.440682413522,235.559317586478,111.559317586478,18681.148819882,31,0.934396479938384,"Matang"
"264",104,31,16,114,235,101,20871,51,1.0827154492,"Matang"
"269",153,54,22,112,234,152,23991,51,0.9172529644,"Matang"
"134",131,43,20,114,233,126,22698,49,0.9903491275,"Matang"
"1841",115.864792968379,35.8647929683793,18,114.135207031621,235,112.729585936759,18366.0683554031,31,0.970594899487918,"Matang"
"452",126.185256558703,43.4442303238902,23.258973765187,114,235.258973765187,119.185256558703,24913.9896698438,54.258973765187,0.953124052589977,"Matang"
"313",175.438877220266,64.2194386101328,31.2194386101328,112.869906435022,221.910654954845,175.438877220266,26693.6577239705,31,0.970712745161725,"Matang"
"86",169.115500907414,59,32.8459987901151,113.961499697529,221.231001814827,168.115500907414,32368.757306736,48.7689981851727,1.01484439956201,"Matang"
"1010",107.872143585468,31.7744287170935,16,114.774428717094,235.774428717094,105.646572302561,21284.544934928,44.8045702632517,1.05657218768732,"Matang"
"173",117,40,17,114,240,112,25812,55,0.8694464787,"Matang"
"2110",111,36,17,114,240,110,23781,55,0.9224061433,"Matang"
"98",109,32,16,115,236,107,21405,43,1.0489573241,"Matang"
"372",135.742632898735,46.9465620194096,20.548526579747,113.150491140084,232.849508859916,132.291159478482,22944.7921223645,43,0.910985280484441,"Matang"
"256",105,32,14,114,236,102,21843,51,0.9138678727,"Matang"
"262",103,34,17,114,228,100,24771,51,0.9263911286,"Matang"
"94",123,41,18,114,232,117,23796,43,0.8827660111,"Matang"
"282",171,60,30,113,229,170,33951,55,1.0811715498,"Matang"
"1911",147.350077550858,49.1750387754291,25.6312790815718,114,229,144.350077550858,21397.0253540548,37.5251163262874,1.03059043519901,"Matang"
"352",114.847476911964,34.4575692641083,16,113.847476911964,236.610092352144,111.694953823928,18403.9121990791,31,0.939165688499352,"Matang"
"168",120,44,21,114,234,115,29463,55,0.9293194013,"Matang"
"1611",129.501008237479,43,20,114,233.66621856112,124.167898956919,23191.6679537902,49.9993278416805,0.988717346869322,"Matang"
"382",107.3042954884,33.3167402790859,14.9875552093145,114,235.670814930229,103.645925348857,22536.2637569387,50.341629860457,0.935732610357388,"Matang"
"1211",112,36,17,114,235,107,23949,49,0.9802886787,"Matang"
"95",138,48,21,113,233,135,22794,43,0.9159843455,"Matang"
"99",122,38,21,115,234,117,22410,43,0.8964559387,"Matang"
"552",149.986661800882,55.9466472035274,24.0133381991182,112.013338199118,232.933309004409,148.026676398236,25808.0763798561,43,0.977969283168953,"Matang"
"102",151,51,27,114,229,148,22002,43,1.028923056,"Matang"
"392",103.797838902101,32.2659463007003,17.1329731503502,115,232.033243287588,99.7313523269258,24904.2185902472,49,0.996447592994546,"Matang"
"129",110,33,17,115,235,106,22161,49,0.9440939906,"Matang"
"202",119,41,24,115,235,115,24651,55,1.0908862769,"Matang"
"193",116,37,17,114,242,111,21627,55,1.0192834421,"Matang"
"2211",145.622478444129,51,24.1258405186236,113,228.496637925506,144.622478444129,24947.9827050213,50.1258405186236,1.01289253481367,"Matang"
"93",149,52,25,113,228,150,25074,43,0.9763410543,"Matang"
"2210",125,44,19,113,236,122,26775,55,0.9003574159,"Matang"
"412",104.766855018213,30.8834275091067,14,115,237.883427509107,102.766855018213,18980.6005870616,31,1.00219929848211,"Matang"
"135",131,48,28,114,226,124,24375,49,0.9720481828,"Matang"
"1511",111.51010035025,33.7550501751248,14.9183500583749,114,236.081649941625,108.51010035025,16568.780464364,31,0.990274169381324,"Matang"
"96",172,59,29,113,227,171,30165,43,1.009950501,"Matang"
"107",112,34,15,114,236,109,16449,31,0.9867508867,"Matang"
"911",121,41,20,114,234,117,23205,43,1.0075289482,"Matang"
"240",129.191984623671,43.2260019220412,20.6780057661235,114,233,123.739980779588,22810.5489571765,47.6439884677529,0.984282881337999,"Matang"
"120",114,37,16,113,240,110,14814,31,1.0151543147,"Matang"
"4811",105.58892882755,32,16.568511862075,115,233.7259525517,102.4519051034,23419.2375273316,46.4110711724497,1.01901516295416,"Matang"
"118",116,36,18,114,235,113,18390,31,0.9744869739,"Matang"
"1111",143,47,24,114,229,140,20676,31,1.0325776634,"Matang"
"257",124,41,18,114,232,119,24846,51,1.0119757386,"Matang"
"73",171.765126559651,58.9664466513786,29,113,227.100660045864,170.765126559651,30219.054444629,43.4026401834562,1.00930771261867,"Matang"
"362",114.641591303982,36.6415913039818,15.6415913039818,113.679204348009,238,109.320795651991,20223.4448478618,48.4336347840726,0.965786957459353,"Matang"
"2511",147.995783461723,51.4936751925852,27.9957834617235,114,227,147.004216538277,25017.6800172727,46.0126496148296,0.936997108907691,"Matang"
"258",114,43,22,113,224,106,26742,51,1.0025490197,"Matang"
"413",172.919056376442,59.6127042509615,29.6127042509615,113,226.080943623558,171.765880313702,31010.5318663269,43.9190563764423,1.00230687341377,"Matang"
"124",149,51,23,113,233,148,24720,49,1.0010662291,"Matang"
"115",107,31,15,115,238,105,16935,31,1.0878145695,"Matang"
